{"cameraMode":{"drawMode":0,"name":"Shaded","section":"Shading Mode"},"sceneLighting":true,"audioPlay":false,"sceneViewState":{"showFog":true,"showMaterialUpdate":false,"showSkybox":true,"showFlares":true,"showImageEffects":true,"showParticleSystems":true},"in2DMode":false,"pivot":{"x":1237.5594482421875,"y":479.0294494628906,"z":-1127.173095703125},"rotation":{"x":0.01949908956885338,"y":-0.17604729533195496,"z":0.0034876202698796989,"w":0.984184980392456},"size":22.0,"orthographic":false}