{"cameraMode":{"drawMode":0,"name":"Shaded","section":"Shading Mode"},"sceneLighting":true,"audioPlay":false,"sceneViewState":{"showFog":true,"showMaterialUpdate":false,"showSkybox":true,"showFlares":true,"showImageEffects":true,"showParticleSystems":true},"in2DMode":false,"pivot":{"x":930.9341430664063,"y":714.4695434570313,"z":-1339.5146484375},"rotation":{"x":0.06625501066446305,"y":0.013465702533721924,"z":-0.0008943635621108115,"w":0.9977126121520996},"size":322.7176513671875,"orthographic":false}