{"cameraMode":{"drawMode":0,"name":"Shaded","section":"Shading Mode"},"sceneLighting":true,"audioPlay":false,"sceneViewState":{"showFog":true,"showMaterialUpdate":true,"showSkybox":true,"showFlares":true,"showImageEffects":true,"showParticleSystems":true},"in2DMode":false,"pivot":{"x":976.0064086914063,"y":549.82275390625,"z":-330.72369384765627},"rotation":{"x":-0.015308448113501072,"y":0.006596297957003117,"z":-0.00010103039676323533,"w":-0.9998652935028076},"size":213.04296875,"orthographic":false}